"orig_food_id,""orig_food_common_name"",""animal_type"",""meat_cut_type"""
"551,""Beef brisket, soaked in brine"",""beef"",""Breast"""
"436,""Beef, brisket, anterior part, raw"",""beef"",""Breast"""
"437,""Beef, brisket, middle part, raw"",""beef"",""Breast"""
"438,""Beef, brisket, posterior part, raw"",""beef"",""Breast"""
"432,""Beef, chuck, raw"",""beef"",""Chuck"""
"430,""Beef, entrecote """"cap on"""", raw"",""beef"",""Steak"""
"422,""Beef, eye of round, raw"",""beef"",""Round"""
"428,""Beef, fillet, defatted, raw"",""beef"",""Steak"""
"440,""Beef, flank, raw"",""beef"",""Flank"""
"439,""Beef, flatribs, raw"",""beef"",""Rib"""
"1342,""Beef, low fat, minced, raw"",""beef"",""Minced"""
"201,""Beef, meat, 5-10 % fat, raw"",""beef"",""Minced"""
"202,""Beef, meat, approx. 15 % fat, raw"",""beef"",""Minced"""
"200,""Beef, meat, approx. 25 % fat, raw"",""beef"",""Minced"""
"199,""Beef, meat, lean (<5 % fat), raw"",""beef"",""Minced"""
"1296,""Beef, mince, raw"",""beef"",""Minced"""
"433,""Beef, neck, raw"",""beef"",""Neck"""
"420,""Beef, outside, round, raw"",""beef"",""Round"""
"423,""Beef, rump, raw"",""beef"",""Rump"""
"425,""Beef, rumpsteak """"cap off"""", raw"",""beef"",""Rump"""
"424,""Beef, rumpsteak """"cap on"""", raw"",""beef"",""Rump"""
"417,""Beef, shin + leg (shank), raw"",""beef"",""Leg"""
"434,""Beef, shoulder, dorsal part, raw"",""beef"",""Shoulder"""
"435,""Beef, shoulder, ventral part"",""beef"",""Shoulder"""
"427,""Beef, sirloin, raw"",""beef"",""Loin"""
"431,""Beef, striploin """"cap off"""", raw"",""beef"",""Loin"""
"429,""Beef, striploin """"cap on"""", raw"",""beef"",""Loin"""
"426,""Beef, T-bone steak, raw"",""beef"",""Steak"""
"421,""Beef, thick flank """"cap off"""", raw"",""beef"",""Flank"""
"419,""Beef, topside """"cap off"""", raw"",""beef"",""Rump"""
"418,""Beef, topside """"cap on"""", raw"",""beef"",""Rump"""
"5007,""Pork, cheek meat, lean, raw"",""pork"",""Cheeck"""
"371,""Pork, cheek, cut, raw"",""pork"",""Cheeck"""
"5016,""Pork, chop, raw"",""pork"",""Rib"""
"5023,""Pork, collar with rind, raw"",""pork"",""Neck"""
"381,""Pork, collar, defatted, raw"",""pork"",""Neck"""
"372,""Pork, flank, raw"",""pork"",""Flank"""
"5018,""Pork, flank, rolled, raw"",""pork"",""Flank"""
"543,""Pork, ham, bayonne style, deboned"",""pork"",""Ham"""
"924,""Pork, ham, chump (M. Glutaei Etc.), lean, raw"",""pork"",""Ham"""
"5008,""Pork, ham, outside muscle (M. biceps femoris), diced, lean, raw"",""pork"",""Ham"""
"5009,""Pork, ham, outside muscle (M. biceps femoris), shredded, raw"",""pork"",""Ham"""
"5005,""Pork, ham, schnitzel, escalope, raw"",""pork"",""Ham"""
"920,""Pork, ham, silverside (M. Biceps Femoris), 5 mm rind, raw"",""pork"",""Ham"""
"919,""Pork, ham, silverside (M. Biceps Femoris), lean, raw"",""pork"",""Ham"""
"5012,""Pork, ham, silverside (M. Semitendinosus), lean, raw"",""pork"",""Ham"""
"1245,""Pork, ham, silverside with rind, raw"",""pork"",""Ham"""
"1246,""Pork, ham, silverside, 2 mm fat, raw"",""pork"",""Ham"""
"922,""Pork, ham, thick flank (M. Quadiceps Femoris), lean, raw"",""pork"",""Ham"""
"923,""Pork, ham, topside (M. Semimembranosus), lean, raw"",""pork"",""Ham"""
"5027,""Pork, ham, viking steak, raw"",""pork"",""Ham"""
"5006,""Pork, ham, wok strips from topside, raw"",""pork"",""Ham"""
"1247,""Pork, hand with rind, raw"",""pork"",""Hand"""
"376,""Pork, hand, approx. 16 % fat, raw"",""pork"",""Hand"""
"5010,""Pork, hand, diced, lean, raw"",""pork"",""Hand"""
"925,""Pork, hand, lean, raw"",""pork"",""Hand"""
"1244,""Pork, hind leg without rind, raw"",""pork"",""Leg"""
"375,""Pork, leg with knuckle, raw"",""pork"",""Leg"""
"918,""Pork, legmuscles without knuckle, lean, raw"",""pork"",""Leg"""
"5001,""Pork, loin (filet royal), lean, raw"",""pork"",""Loin"""
"5002,""Pork, loin (medaillon), lean, raw"",""pork"",""Loin"""
"5003,""Pork, loin (saute slices), lean, raw"",""pork"",""Loin"""
"5020,""Pork, loin with rind, raw"",""pork"",""Loin"""
"5015,""Pork, loin, defatted (approx. 3 mm fat), raw"",""pork"",""Loin"""
"927,""Pork, loin, lean, raw"",""pork"",""Loin"""
"285,""Pork, meat, approx. 10 % fat, raw"",""pork"",""Minced"""
"287,""Pork, meat, approx. 20 % fat, raw"",""pork"",""Minced"""
"284,""Pork, meat, approx. 32 % fat, raw"",""pork"",""Minced"""
"286,""Pork, meat, lean, approx. 3 % fat, raw"",""pork"",""Minced"""
"5028,""Pork, minced, approx. 6% fat, raw"",""pork"",""Minced"""
"1343,""Pork, minced, high fat content, raw"",""pork"",""Minced"""
"1344,""Pork, minced, low fat content, raw"",""pork"",""Minced"""
"928,""Pork, oyster cut, lean, raw"",""pork"",""Loin"""
"5019,""Pork, rib steaks, raw"",""pork"",""Rib"""
"5017,""Pork, shoulder steaks, raw"",""pork"",""Shoulder"""
"5014,""Pork, slice of neck, raw"",""pork"",""Neck"""
"5024,""Pork, spare rib roast of thick belly, approx. 2 mm fat, raw"",""pork"",""Rib"""
"5022,""Pork, spare rib roast of thin belly with rind, raw"",""pork"",""Rib"""
"5025,""Pork, spare ribs, raw"",""pork"",""Rib"""
"5004,""Pork, tenderloin, trimmed, raw"",""pork"",""Loin"""
"373,""Pork, thick belly with rind, raw"",""pork"",""Breast"""
"929,""Pork, thick belly, defatted, approx. 2 mm rind, raw"",""pork"",""Breast"""
"374,""Pork, thin belly with rind, raw"",""pork"",""Breast"""
"926,""Pork, thin belly, lean, approx. 2 mm rind, raw"",""pork"",""Breast"""
"322,""Tongue, calf, raw"",""beef"",""Tongue"""
"323,""Tongue, ox, raw"",""beef"",""Tongue"""
"324,""Tongue, pig, raw"",""pork"",""Tongue"""
"111,""Veal, lean meat, raw"",""beef"",""Minced"""
"7029,""Ham, sliced, regular (approximately 11% fat)"",""pork"",""Ham"""
"7030,""Ham, minced"",""pork"",""Ham"""
"10002,""Pork, fresh, composite of trimmed retail cuts (leg, loin, shoulder), separable lean only, raw"",""pork"",""Minced"""
"10005,""Pork, fresh, belly, raw"",""pork"",""Breast"""
"10008,""Pork, fresh, leg (ham), whole, separable lean and fat, raw"",""pork"",""Leg"""
"10010,""Pork, fresh, leg (ham), whole, separable lean only, raw"",""pork"",""Leg"""
"10012,""Pork, fresh, leg (ham), rump half, separable lean and fat, raw"",""pork"",""Rump"""
"10014,""Pork, fresh, leg (ham), rump half, separable lean only, raw"",""pork"",""Rump"""
"10016,""Pork, fresh, leg (ham), shank half, separable lean and fat, raw"",""pork"",""Leg"""
"10018,""Pork, fresh, leg (ham), shank half, separable lean only, raw"",""pork"",""Leg"""
"10020,""Pork, fresh, loin, whole, separable lean and fat, raw"",""pork"",""Loin"""
"10024,""Pork, fresh, loin, whole, separable lean only, raw"",""pork"",""Loin"""
"10028,""Pork, fresh, loin, blade (chops or roasts), bone-in, separable lean and fat, raw"",""pork"",""Loin"""
"10032,""Pork, fresh, loin, blade (chops or roasts), bone-in, separable lean only, raw"",""pork"",""Loin"""
"10036,""Pork, fresh, loin, center loin (chops), bone-in, separable lean and fat, raw"",""pork"",""Loin"""
"10040,""Pork, fresh, loin, center loin (chops), bone-in, separable lean only, raw"",""pork"",""Loin"""
"10044,""Pork, fresh, loin, center rib (chops or roasts), bone-in, separable lean and fat, raw"",""pork"",""Loin"""
"10048,""Pork, fresh, loin, center rib (chops or roasts), bone-in, separable lean only, raw"",""pork"",""Loin"""
"10052,""Pork, fresh, loin, sirloin (chops or roasts), bone-in, separable lean and fat, raw"",""pork"",""Loin"""
"10056,""Pork, fresh, loin, sirloin (chops or roasts), bone-in, separable lean only, raw"",""pork"",""Loin"""
"10060,""Pork, fresh, loin, tenderloin, separable lean only, raw"",""pork"",""Loin"""
"10062,""Pork, fresh, loin, top loin (chops), boneless, separable lean and fat, raw"",""pork"",""Loin"""
"10066,""Pork, fresh, loin, top loin (chops), boneless, separable lean only, raw"",""pork"",""Loin"""
"10070,""Pork, fresh, shoulder, whole, separable lean and fat, raw"",""pork"",""Shoulder"""
"10072,""Pork, fresh, shoulder, whole, separable lean only, raw"",""pork"",""Shoulder"""
"10074,""Pork, fresh, shoulder, arm picnic, separable lean and fat, raw"",""pork"",""Shoulder"""
"10077,""Pork, fresh, shoulder, arm picnic, separable lean only, raw"",""pork"",""Shoulder"""
"10080,""Pork, fresh, shoulder, (Boston butt), blade (steaks), separable lean and fat, raw"",""pork"",""Shoulder"""
"10084,""Pork, fresh, shoulder, (Boston butt), blade (steaks), separable lean only, raw"",""pork"",""Shoulder"""
"10088,""Pork, fresh, spareribs, separable lean and fat, raw"",""pork"",""Rib"""
"10098,""Pork, fresh, variety meats and by-products, chitterlings, raw"",""pork"",""Other"""
"10100,""Pork, fresh, variety meats and by-products, ears, frozen, raw"",""pork"",""Other"""
"10102,""Pork, fresh, variety meats and by-products, feet, raw"",""pork"",""Other"""
"10105,""Pork, fresh, variety meats and by-products, jowl, raw"",""pork"",""Cheeck"""
"10109,""Pork, fresh, variety meats and by-products, leaf fat, raw"",""pork"",""Other"""
"10114,""Pork, fresh, variety meats and by-products, mechanically separated, raw"",""pork"",""Other"""
"10119,""Pork, fresh, variety meats and by-products, stomach, raw"",""pork"",""Other"""
"10121,""Pork, fresh, variety meats and by-products, tongue, raw"",""pork"",""Tongue"""
"10174,""Pork, fresh, variety meats and by-products, tail, raw"",""pork"",""Other"""
"10187,""Pork, fresh, composite of trimmed retail cuts (leg, loin, shoulder, and spareribs), separable lean and fat, raw"",""pork"",""Minced"""
"10192,""Pork, fresh, backribs, separable lean and fat, raw"",""pork"",""Rib"""
"10194,""Pork, fresh, loin, center rib (chops or roasts), boneless, separable lean and fat, raw"",""pork"",""Loin"""
"10199,""Pork, fresh, loin, center rib (chops or roasts), boneless, separable lean only, raw"",""pork"",""Loin"""
"10204,""Pork, fresh, loin, country-style ribs, separable lean and fat, raw"",""pork"",""Loin"""
"10207,""Pork, fresh, loin, country-style ribs, separable lean only, raw"",""pork"",""Loin"""
"10210,""Pork, fresh, loin, sirloin (chops or roasts), boneless, separable lean and fat, raw"",""pork"",""Loin"""
"10214,""Pork, fresh, loin, sirloin (chops or roasts), boneless, separable lean only, raw"",""pork"",""Loin"""
"10218,""Pork, fresh, loin, tenderloin, separable lean and fat, raw"",""pork"",""Loin"""
"10219,""Pork, fresh, ground, raw"",""pork"",""Minced"""
"10224,""Pork, fresh, loin, top loin (roasts), boneless, separable lean and fat, raw"",""pork"",""Loin"""
"10225,""Pork, fresh, loin, top loin (roasts), boneless, separable lean only, raw"",""pork"",""Loin"""
"10226,""Pork, fresh, composite of trimmed retail cuts (loin and shoulder blade), separable lean and fat, raw"",""pork"",""Minced"""
"10228,""Pork, fresh, composite of trimmed retail cuts (loin and shoulder blade), separable lean only, raw"",""pork"",""Minced"""
"10805,""USDA Commodity, pork, ground, fine/coarse, frozen, raw"",""pork"",""Minced"""
"10944,""Pork, fresh, enhanced, loin, tenderloin, separable lean only, raw"",""pork"",""Loin"""
"10946,""Pork, fresh, enhanced, shoulder, (Boston butt), blade (steaks), separable lean only, raw"",""pork"",""Shoulder"""
"10948,""Pork, fresh, enhanced, loin, top loin (chops), boneless, separable lean only, raw"",""pork"",""Loin"""
"10949,""Pork, fresh, enhanced, loin, top loin (chops), boneless, separable lean and fat, raw"",""pork"",""Loin"""
"10951,""Pork, fresh, enhanced, loin, tenderloin, separable lean and fat, raw"",""pork"",""Loin"""
"10953,""Pork, fresh, enhanced, shoulder, (Boston butt), blade (steaks), separable lean and fat, raw"",""pork"",""Shoulder"""
"10957,""Pork, Leg Cap Steak, boneless, separable lean and fat, raw"",""pork"",""Leg"""
"10958,""Pork, Shoulder breast, boneless, separable lean and fat, raw"",""pork"",""Shoulder"""
"10961,""Pork, Shoulder petite tender, boneless, separable lean and fat, raw"",""pork"",""Shoulder"""
"10963,""Pork, Leg sirloin tip roast, boneless, separable lean and fat, raw"",""pork"",""Loin"""
"10971,""Pork, ground, 72% lean / 28% fat, raw"",""pork"",""Minced"""
"10972,""Pork, ground, 84% lean / 16% fat, raw"",""pork"",""Minced"""
"10973,""Pork, ground, 96% lean / 4% fat, raw"",""pork"",""Minced"""
"10982,""Pork, fresh, loin, blade (chops or roasts), boneless, separable lean only, raw"",""pork"",""Loin"""
"10989,""Pork, fresh, loin, blade (chops or roasts), boneless, separable lean and fat only, raw"",""pork"",""Loin"""
"13000,""Beef, grass-fed, strip steaks, lean only, raw"",""beef"",""Steak"""
"13023,""Beef, brisket, whole, separable lean only, all grades, raw"",""beef"",""Breast"""
"13047,""Beef, grass-fed, ground, raw"",""beef"",""Minced"""
"13065,""Beef, flank, steak, separable lean and fat, trimmed to 0"""" fat, choice, raw"",""beef"",""Flank"""
"13068,""Beef, flank, steak, separable lean only, trimmed to 0"""" fat, choice, raw"",""beef"",""Flank"""
"13095,""Beef, rib, eye, small end (ribs 10-12), separable lean and fat, trimmed to 0"""" fat, choice, raw"",""beef"",""Ribeye"""
"13097,""Beef, rib, eye, small end (ribs 10-12), separable lean only, trimmed to 0"""" fat, choice, raw"",""beef"",""Ribeye"""
"13147,""Beef, rib, shortribs, separable lean and fat, choice, raw"",""beef"",""Rib"""
"13149,""Beef, rib, shortribs, separable lean only, choice, raw"",""beef"",""Rib"""
"13227,""Beef, shank crosscuts, separable lean only, trimmed to 1/4"""" fat, choice, raw"",""beef"",""Leg"""
"13284,""Beef, rib eye, small end (ribs 10-12), separable lean only, trimmed to 0"""" fat, select, raw"",""beef"",""Ribeye"""
"13293,""Beef, chuck, under blade pot roast or steak, boneless, separable lean only, trimmed to 0"""" fat, all grades, raw"",""beef"",""Chuck"""
"13294,""Beef, chuck, under blade pot roast or steak, boneless, separable lean only, trimmed to 0"""" fat, choice, raw"",""beef"",""Chuck"""
"13330,""Beef, variety meats and by-products, mechanically separated beef, raw"",""beef"",""Other"""
"13339,""Beef, variety meats and by-products, tongue, raw"",""beef"",""Tongue"""
"13342,""Beef, sandwich steaks, flaked, chopped, formed and thinly sliced, raw"",""beef"",""Steak"""
"13349,""Beef, chuck, under blade pot roast or steak, boneless, separable lean only, trimmed to 0"""" fat, select, raw"",""beef"",""Chuck"""
"13356,""Beef, chuck, under blade center steak, boneless, Denver Cut, separable lean only, trimmed to 0"""" fat, all grades, raw"",""beef"",""Chuck"""
"13359,""Beef, chuck, under blade center steak, boneless, Denver Cut, separable lean only, trimmed to 0"""" fat, choice, raw"",""beef"",""Chuck"""
"13486,""Beef, round, tip round, roast, separable lean and fat, trimmed to 0"""" fat, all grades, raw"",""beef"",""Round"""
"13487,""Beef, round, tip round, roast, separable lean and fat, trimmed to 0"""" fat, choice, raw"",""beef"",""Round"""
"13488,""Beef, round, tip round, roast, separable lean and fat, trimmed to 0"""" fat, select, raw"",""beef"",""Round"""
"13498,""Beef, ground, 70% lean meat / 30% fat, raw"",""beef"",""Minced"""
"13499,""Beef, chuck, under blade center steak, boneless, Denver Cut, separable lean only, trimmed to 0"""" fat, select, raw"",""beef"",""Chuck"""
"13519,""Beef, shoulder top blade steak, boneless, separable lean only, trimmed to 0"""" fat, all grades, raw"",""beef"",""Shoulder"""
"13520,""Beef, shoulder top blade steak, boneless, separable lean only, trimmed to 0"""" fat, choice, raw"",""beef"",""Shoulder"""
"13523,""Beef, shoulder top blade steak, boneless, separable lean only, trimmed to 0"""" fat, select, raw"",""beef"",""Shoulder"""
"13595,""Beef, brisket, flat half, boneless separable lean only, trimmed to 0"""" fat, all grades, raw"",""beef"",""Breast"""
"13596,""Beef, brisket, flat half, boneless, separable lean only, trimmed to 0"""" fat, choice, raw"",""beef"",""Breast"""
"13597,""Beef, brisket, flat half, boneless, separable lean only, trimmed to 0"""" fat, select, raw"",""beef"",""Breast"""
"13647,""Beef, shoulder pot roast or steak, boneless, separable lean only, trimmed to 0"""" fat, all grades, raw"",""beef"",""Shoulder"""
"13648,""Beef, shoulder pot roast or steak, boneless, separable lean only, trimmed to 0"""" fat, choice, raw"",""beef"",""Shoulder"""
"13649,""Beef, shoulder pot roast or steak, boneless, separable lean only, trimmed to 0"""" fat, select, raw"",""beef"",""Shoulder"""
"13786,""Beef, chuck eye roast, boneless, America's Beef Roast, separable lean and fat, trimmed to 0"""" fat, all grades, raw"",""beef"",""Chuck"""
"13788,""Beef, chuck eye roast, boneless, America's Beef Roast, separable lean and fat, trimmed to 0"""" fat, choice, raw"",""beef"",""Chuck"""
"13791,""Beef, chuck eye roast, boneless, America's Beef Roast, separable lean and fat, trimmed to 0"""" fat, select, raw"",""beef"",""Chuck"""
"13803,""Beef, brisket, whole, separable lean and fat, trimmed to 1/8"""" fat, all grades, raw"",""beef"",""Breast"""
"13805,""Beef, brisket, flat half, separable lean and fat, trimmed to 1/8"""" fat, all grades, raw"",""beef"",""Breast"""
"13807,""Beef, brisket, point half, separable lean and fat, trimmed to 1/8"""" fat, all grades, raw"",""beef"",""Breast"""
"13809,""Beef, chuck, arm pot roast, separable lean and fat, trimmed to 1/8"""" fat, all grades, raw"",""beef"",""Chuck"""
"13811,""Beef, chuck, arm pot roast, separable lean and fat, trimmed to 1/8"""" fat, choice, raw"",""beef"",""Chuck"""
"13813,""Beef, chuck, arm pot roast, separable lean and fat, trimmed to 1/8"""" fat, select, raw"",""beef"",""Chuck"""
"13815,""Beef, chuck, blade roast, separable lean and fat, trimmed to 1/8"""" fat, all grades, raw"",""beef"",""Chuck"""
"13817,""Beef, chuck, blade roast, separable lean and fat, trimmed to 1/8"""" fat, choice, raw"",""beef"",""Chuck"""
"13819,""Beef, chuck, blade roast, separable lean and fat, trimmed to 1/8"""" fat, select, raw"",""beef"",""Chuck"""
"13824,""Beef, rib, whole (ribs 6-12), separable lean and fat, trimmed to 1/8"""" fat, all grades, raw"",""beef"",""Rib"""
"13827,""Beef, rib, whole (ribs 6-12), separable lean and fat, trimmed to 1/8"""" fat, choice, raw"",""beef"",""Rib"""
"13830,""Beef, rib, whole (ribs 6-12), separable lean and fat, trimmed to 1/8"""" fat, select, raw"",""beef"",""Rib"""
"13833,""Beef, rib, whole (ribs 6-12), separable lean and fat, trimmed to 1/8"""" fat, prime, raw"",""beef"",""Rib"""
"13838,""Beef, rib, large end (ribs 6-9), separable lean and fat, trimmed to 1/8"""" fat, all grades, raw"",""beef"",""Rib"""
"13841,""Beef, rib, large end (ribs 6-9), separable lean and fat, trimmed to 1/8"""" fat, choice, raw"",""beef"",""Rib"""
"13844,""Beef, rib, large end (ribs 6-9), separable lean and fat, trimmed to 1/8"""" fat, select, raw"",""beef"",""Rib"""
"13847,""Beef, rib, large end (ribs 6-9), separable lean and fat, trimmed to 1/8"""" fat, prime, raw"",""beef"",""Rib"""
"13850,""Beef, rib, small end (ribs 10-12), separable lean and fat, trimmed to 1/8"""" fat, all grades, raw"",""beef"",""Rib"""
"13853,""Beef, rib, small end (ribs 10-12), separable lean and fat, trimmed to 1/8"""" fat, choice, raw"",""beef"",""Rib"""
"13856,""Beef, rib, small end (ribs 10-12), separable lean and fat, trimmed to 1/8"""" fat, select, raw"",""beef"",""Rib"""
"13859,""Beef, rib, small end (ribs 10-12), separable lean and fat, trimmed to 1/8"""" fat, prime, raw"",""beef"",""Rib"""
"13863,""Beef, shoulder top blade steak, boneless, separable lean and fat, trimmed to 0"""" fat, all grades, raw"",""beef"",""Shoulder"""
"13864,""Beef, round, full cut, separable lean and fat, trimmed to 1/8"""" fat, choice, raw"",""beef"",""Round"""
"13866,""Beef, round, full cut, separable lean and fat, trimmed to 1/8"""" fat, select, raw"",""beef"",""Round"""
"13868,""Beef, round, bottom round, steak, separable lean and fat, trimmed to 1/8"""" fat, all grades, raw"",""beef"",""Round"""
"13871,""Beef, round, bottom round, steak, separable lean and fat, trimmed to 1/8"""" fat, choice, raw"",""beef"",""Round"""
"13874,""Beef, round, bottom round, steak, separable lean and fat, trimmed to 1/8"""" fat, select, raw"",""beef"",""Round"""
"13877,""Beef, round, eye of round, roast, separable lean and fat, trimmed to 1/8"""" fat, all grades, raw"",""beef"",""Round"""
"13879,""Beef, round, eye of round, roast, separable lean and fat, trimmed to 1/8"""" fat, choice, raw"",""beef"",""Round"""
"13881,""Beef, round, eye of round, roast, separable lean and fat, trimmed to 1/8"""" fat, select, raw"",""beef"",""Round"""
"13883,""Beef, round, tip round, separable lean and fat, trimmed to 1/8"""" fat, all grades, raw"",""beef"",""Round"""
"13885,""Beef, round, tip round, separable lean and fat, trimmed to 1/8"""" fat, choice, raw"",""beef"",""Round"""
"13887,""Beef, round, tip round, separable lean and fat, trimmed to 1/8"""" fat, select, raw"",""beef"",""Round"""
"13889,""Beef, shoulder top blade steak, boneless, separable lean and fat, trimmed to 0"""" fat, choice, raw"",""beef"",""Shoulder"""
"13891,""Beef, round, top round, steak, separable lean and fat, trimmed to 1/8"""" fat, all grades, raw"",""beef"",""Round"""
"13894,""Beef, round, top round, steak, separable lean and fat, trimmed to 1/8"""" fat, choice, raw"",""beef"",""Round"""
"13898,""Beef, round, top round, steak, separable lean and fat, trimmed to 1/8"""" fat, select, raw"",""beef"",""Round"""
"13901,""Beef, round, top round, separable lean and fat, trimmed to 1/8"""" fat, prime, raw"",""beef"",""Round"""
"13903,""Beef, shoulder top blade steak, boneless, separable lean and fat, trimmed to 0"""" fat, select, raw"",""beef"",""Shoulder"""
"13904,""Beef, brisket, flat half, boneless, separable lean and fat, trimmed to 0"""" fat, all grades, raw"",""beef"",""Breast"""
"13905,""Beef, short loin, porterhouse steak, separable lean and fat, trimmed to 1/8"""" fat, choice, raw"",""beef"",""Loin"""
"13907,""Beef, short loin, t-bone steak, separable lean and fat, trimmed to 1/8"""" fat, choice, raw"",""beef"",""Loin"""
"13909,""Beef, short loin, top loin, steak, separable lean and fat, trimmed to 1/8"""" fat, all grades, raw"",""beef"",""Loin"""
"13911,""Beef, short loin, top loin, steak, separable lean and fat, trimmed to 1/8"""" fat, choice, raw"",""beef"",""Loin"""
"13913,""Beef, short loin, top loin, steak, separable lean and fat, trimmed to 1/8"""" fat, select, raw"",""beef"",""Loin"""
"13915,""Beef, short loin, top loin, steak, separable lean and fat, trimmed to 1/8"""" fat, prime, raw"",""beef"",""Loin"""
"13917,""Beef, tenderloin, steak, separable lean and fat, trimmed to 1/8"""" fat, all grades, raw"",""beef"",""Loin"""
"13920,""Beef, tenderloin, steak, separable lean and fat, trimmed to 1/8"""" fat, choice, raw"",""beef"",""Loin"""
"13923,""Beef, tenderloin, steak, separable lean and fat, trimmed to 1/8"""" fat, select, raw"",""beef"",""Loin"""
"13926,""Beef, tenderloin, separable lean and fat, trimmed to 1/8"""" fat, prime, raw"",""beef"",""Loin"""
"13929,""Beef, top sirloin, steak, separable lean and fat, trimmed to 1/8"""" fat, all grades, raw"",""beef"",""Loin"""
"13931,""Beef, top sirloin, steak, separable lean and fat, trimmed to 1/8"""" fat, choice, raw"",""beef"",""Loin"""
"13934,""Beef, top sirloin, steak, separable lean and fat, trimmed to 1/8"""" fat, select, raw"",""beef"",""Loin"""
"13954,""Beef, bottom sirloin, tri-tip roast, separable lean and fat, trimmed to 0"""" fat, all grades, raw"",""beef"",""Loin"""
"13956,""Beef, bottom sirloin, tri-tip roast, separable lean and fat, trimmed to 0"""" fat, choice, raw"",""beef"",""Loin"""
"13958,""Beef, bottom sirloin, tri-tip roast, separable lean and fat, trimmed to 0"""" fat, select, raw"",""beef"",""Loin"""
"13970,""Beef, flank, steak, separable lean and fat, trimmed to 0"""" fat, all grades, raw"",""beef"",""Flank"""
"13971,""Beef, flank, steak, separable lean and fat, trimmed to 0"""" fat, select, raw"",""beef"",""Flank"""
"13972,""Beef, chuck eye roast, boneless, America's Beef Roast, separable lean only, trimmed to 0"""" fat, all grades, raw"",""beef"",""Chuck"""
"13973,""Beef, chuck eye roast, boneless, America's Beef Roast, separable lean only, trimmed to 0"""" fat, choice, raw"",""beef"",""Chuck"""
"13974,""Beef, chuck eye roast, boneless, America's Beef Roast, separable lean only, trimmed to 0"""" fat, select, raw"",""beef"",""Chuck"""
"13975,""Beef, brisket, flat half, boneless, separable lean and fat, trimmed to 0"""" fat, choice, raw"",""beef"",""Breast"""
"13976,""Beef, plate, inside skirt steak, separable lean only, trimmed to 1/4"""" fat, all grades, raw"",""beef"",""Skirt"""
"13978,""Beef, plate, outside skirt steak, separable lean only, trimmed to 1/4"""" fat, all grades, raw"",""beef"",""Skirt"""
"13983,""Beef, brisket, flat half, boneless, separable lean and fat, trimmed to 0"""" fat, select, raw"",""beef"",""Breast"""
"17094,""Veal, leg (top round), separable lean and fat, raw"",""beef"",""Leg"""
"17099,""Veal, leg (top round), separable lean only, raw"",""beef"",""Leg"""
"17104,""Veal, loin, separable lean and fat, raw"",""beef"",""Loin"""
"17107,""Veal, loin, separable lean only, raw"",""beef"",""Loin"""
"17110,""Veal, rib, separable lean and fat, raw"",""beef"",""Rib"""
"17113,""Veal, rib, separable lean only, raw"",""beef"",""Rib"""
"17116,""Veal, shoulder, whole (arm and blade), separable lean and fat, raw"",""beef"",""Shoulder"""
"17119,""Veal, shoulder, whole (arm and blade), separable lean only, raw"",""beef"",""Shoulder"""
"17122,""Veal, shoulder, arm, separable lean and fat, raw"",""beef"",""Shoulder"""
"17125,""Veal, shoulder, arm, separable lean only, raw"",""beef"",""Shoulder"""
"17128,""Veal, shoulder, blade, separable lean and fat, raw"",""beef"",""Shoulder"""
"17131,""Veal, shoulder, blade, separable lean only, raw"",""beef"",""Shoulder"""
"17134,""Veal, sirloin, separable lean and fat, raw"",""beef"",""Loin"""
"17137,""Veal, sirloin, separable lean only, raw"",""beef"",""Loin"""
"17140,""Veal, cubed for stew (leg and shoulder), separable lean only, raw"",""beef"",""Minced"""
"17142,""Veal, ground, raw"",""beef"",""Minced"""
"17222,""Veal, variety meats and by-products, tongue, raw"",""beef"",""Tongue"""
"17271,""Veal, breast, whole, boneless, separable lean and fat, raw"",""beef"",""Breast"""
"17276,""Veal, shank (fore and hind), separable lean and fat, raw"",""beef"",""Leg"""
"17278,""Veal, shank (fore and hind), separable lean only, raw"",""beef"",""Leg"""
"19002,""Snacks, beef jerky, chopped and formed"",""beef"",""Other"""
"23000,""Beef, shoulder pot roast or steak, boneless, separable lean and fat, trimmed to 0"""" fat, all grades, raw"",""beef"",""Shoulder"""
"23001,""Beef, short loin, porterhouse steak, separable lean and fat, trimmed to 1/8"""" fat, all grades, raw"",""beef"",""Loin"""
"23003,""Beef, short loin, porterhouse steak, separable lean and fat, trimmed to 1/8"""" fat, select, raw"",""beef"",""Loin"""
"23005,""Beef, short loin, t-bone steak, separable lean and fat, trimmed to 1/8"""" fat, all grades, raw"",""beef"",""Loin"""
"23007,""Beef, short loin, t-bone steak, separable lean and fat, trimmed to 1/8"""" fat, select, raw"",""beef"",""Loin"""
"23030,""Beef, round, knuckle, tip side, steak, separable lean and fat, trimmed to 0"""" fat, choice, raw"",""beef"",""Round"""
"23032,""Beef, round, knuckle, tip side, steak, separable lean and fat, trimmed to 0"""" fat, select, raw"",""beef"",""Round"""
"23034,""Beef, chuck, shoulder clod, shoulder tender, medallion, separable lean and fat, trimmed to 0"""" fat, choice, raw"",""beef"",""Shoulder"""
"23036,""Beef, chuck, shoulder clod, shoulder tender, medallion, separable lean and fat, trimmed to 0"""" fat, select, raw"",""beef"",""Shoulder"""
"23037,""Beef, chuck, shoulder clod, shoulder top and center steaks, separable lean and fat, trimmed to 0"""" fat, choice, raw"",""beef"",""Shoulder"""
"23039,""Beef, chuck, shoulder clod, shoulder top and center steaks, separable lean and fat, trimmed to 0"""" fat, select, raw"",""beef"",""Shoulder"""
"23041,""Beef, chuck, shoulder clod, top blade, steak, separable lean and fat, trimmed to 0"""" fat, choice, raw"",""beef"",""Shoulder"""
"23043,""Beef, chuck, shoulder clod, top blade, steak, separable lean and fat, trimmed to 0"""" fat, select, raw"",""beef"",""Shoulder"""
"23045,""Beef, round, knuckle, tip center, steak, separable lean and fat, trimmed to 0"""" fat, choice, raw"",""beef"",""Round"""
"23047,""Beef, round, knuckle, tip center, steak, separable lean and fat, trimmed to 0"""" fat, select, raw"",""beef"",""Round"""
"23049,""Beef, round, outside round, bottom round, steak, separable lean and fat, trimmed to 0"""" fat, choice, raw"",""beef"",""Round"""
"23051,""Beef, round, outside round, bottom round, steak, separable lean and fat, trimmed to 0"""" fat, select, raw"",""beef"",""Round"""
"23053,""Beef, chuck, shoulder clod, shoulder tender, medallion, separable lean and fat, trimmed to 0"""" fat, all grades, raw"",""beef"",""Shoulder"""
"23055,""Beef, round, knuckle, tip side, steak, separable lean and fat, trimmed to 0"""" fat, all grades, raw"",""beef"",""Round"""
"23057,""Beef, chuck, shoulder clod, shoulder top and center steaks, separable lean and fat, trimmed to 0"""" fat, all grades, raw"",""beef"",""Shoulder"""
"23059,""Beef, chuck, shoulder clod, top blade, steak, separable lean and fat, trimmed to 0"""" fat, all grades, raw"",""beef"",""Shoulder"""
"23061,""Beef, round, knuckle, tip center, steak, separable lean and fat, trimmed to 0"""" fat, all grades, raw"",""beef"",""Round"""
"23063,""Beef, round, outside round, bottom round, steak, separable lean and fat, trimmed to 0"""" fat, all grades, raw"",""beef"",""Round"""
"23066,""Beef, chuck, short ribs, boneless, separable lean only, trimmed to 0"""" fat, choice, raw"",""beef"",""Chuck"""
"23067,""Beef, chuck, short ribs, boneless, separable lean only, trimmed to 0"""" fat, select, raw"",""beef"",""Chuck"""
"23068,""Beef, chuck, short ribs, boneless, separable lean only, trimmed to 0"""" fat, all grades, raw"",""beef"",""Chuck"""
"23072,""Beef, chuck eye Country-Style ribs, boneless, separable lean only, trimmed to 0"""" fat, choice, raw"",""beef"",""Chuck"""
"23073,""Beef, chuck eye Country-Style ribs, boneless, separable lean only, trimmed to 0"""" fat, select, raw"",""beef"",""Chuck"""
"23074,""Beef, chuck eye Country-Style ribs, boneless, separable lean only, trimmed to 0"""" fat, all grades, raw"",""beef"",""Chuck"""
"23078,""Beef, chuck eye steak, boneless, separable lean only, trimmed to 0"""" fat, choice, raw"",""beef"",""Chuck"""
"23079,""Beef, chuck eye steak, boneless, separable lean only, trimmed to 0"""" fat, select, raw"",""beef"",""Chuck"""
"23080,""Beef, chuck eye steak, boneless, separable lean only, trimmed to 0"""" fat, all grades, raw"",""beef"",""Chuck"""
"23087,""Beef, chuck, mock tender steak, boneless, separable lean only, trimmed to 0"""" fat, choice, raw"",""beef"",""Chuck"""
"23088,""Beef, chuck, mock tender steak, boneless, separable lean only, trimmed to 0"""" fat, select, raw"",""beef"",""Chuck"""
"23089,""Beef, chuck, mock tender steak, boneless, separable lean only, trimmed to 0"""" fat, all grades, raw"",""beef"",""Chuck"""
"23093,""Beef, chuck for stew, separable lean and fat, all grades, raw"",""beef"",""Chuck"""
"23094,""Beef, chuck for stew, separable lean and fat, select, raw"",""beef"",""Chuck"""
"23095,""Beef, chuck for stew, separable lean and fat, choice, raw"",""beef"",""Chuck"""
"23102,""Beef, chuck, under blade pot roast or steak, boneless, separable lean and fat, trimmed to 0"""" fat, all grades, raw"",""beef"",""Chuck"""
"23103,""Beef, chuck, under blade pot roast or steak, boneless, separable lean and fat, trimmed to 0"""" fat, choice, raw"",""beef"",""Chuck"""
"23104,""Beef, chuck, under blade pot roast or steak, boneless, separable lean and fat, trimmed to 0"""" fat, select, raw"",""beef"",""Chuck"""
"23108,""Beef, chuck, under blade center steak, boneless, Denver Cut, separable lean and fat, trimmed to 0"""" fat, all grades, raw"",""beef"",""Chuck"""
"23109,""Beef, chuck, under blade center steak, boneless, Denver Cut, separable lean and fat, trimmed to 0"""" fat, choice, raw"",""beef"",""Chuck"""
"23110,""Beef, chuck, under blade center steak, boneless, Denver Cut, separable lean and fat, trimmed to 0"""" fat, select, raw"",""beef"",""Chuck"""
"23111,""Beef, shoulder pot roast or steak, boneless, separable lean and fat, trimmed to 0"""" fat, choice, raw"",""beef"",""Shoulder"""
"23112,""Beef, shoulder pot roast or steak, boneless, separable lean and fat, trimmed to 0"""" fat, select, raw"",""beef"",""Shoulder"""
"23122,""Beef, chuck, mock tender steak, boneless, separable lean and fat, trimmed to 0"""" fat, all grades, raw"",""beef"",""Chuck"""
"23123,""Beef, chuck, mock tender steak, boneless, separable lean and fat, trimmed to 0"""" fat, choice, raw"",""beef"",""Chuck"""
"23124,""Beef, chuck, mock tender steak, boneless, separable lean and fat, trimmed to 0"""" fat, select, raw"",""beef"",""Chuck"""
"23128,""Beef, chuck, short ribs, boneless, separable lean and fat, trimmed to 0"""" fat, all grades, raw"",""beef"",""Chuck"""
"23129,""Beef, chuck, short ribs, boneless, separable lean and fat, trimmed to 0"""" fat, choice, raw"",""beef"",""Chuck"""
"23130,""Beef, chuck, short ribs, boneless, separable lean and fat, trimmed to 0"""" fat, select, raw"",""beef"",""Chuck"""
"23137,""Beef, chuck eye Country-Style ribs, boneless, separable lean and fat, trimmed to 0"""" fat, all grades, raw"",""beef"",""Chuck"""
"23138,""Beef, chuck eye Country-Style ribs, boneless, separable lean and fat, trimmed to 0"""" fat, choice, raw"",""beef"",""Chuck"""
"23139,""Beef, chuck eye Country-Style ribs, boneless, separable lean and fat, trimmed to 0"""" fat, select, raw"",""beef"",""Chuck"""
"23143,""Beef, chuck eye steak, boneless, separable lean and fat, trimmed to 0"""" fat, all grades, raw"",""beef"",""Chuck"""
"23144,""Beef, chuck eye steak, boneless, separable lean and fat, trimmed to 0"""" fat, choice, raw"",""beef"",""Chuck"""
"23145,""Beef, chuck eye steak, boneless, separable lean and fat, trimmed to 0"""" fat, select, raw"",""beef"",""Chuck"""
"23150,""Beef, rib eye steak/roast, bone-in, lip-on, separable lean only, trimmed to 1/8"""" fat, all grades, raw"",""beef"",""Ribeye"""
"23151,""Beef, rib eye steak/roast, bone-in, lip-on, separable lean only, trimmed to 1/8"""" fat, choice, raw"",""beef"",""Ribeye"""
"23152,""Beef, rib eye steak/roast, bone-in, lip-on, separable lean only, trimmed to 1/8"""" fat, select, raw"",""beef"",""Ribeye"""
"23153,""Beef, rib eye steak/roast, boneless, lip-on, separable lean only, trimmed to 1/8"""" fat, all grades, raw"",""beef"",""Ribeye"""
"23154,""Beef, rib eye steak/roast, boneless, lip-on, separable lean only, trimmed to 1/8"""" fat, choice, raw"",""beef"",""Ribeye"""
"23155,""Beef, rib eye steak/roast, boneless, lip-on, separable lean only, trimmed to 1/8"""" fat, select, raw"",""beef"",""Ribeye"""
"23163,""Beef, plate steak, boneless, inside skirt, separable lean only, trimmed to 0"""" fat, all grades, raw"",""beef"",""Skirt"""
"23165,""Beef, plate steak, boneless, inside skirt, separable lean only, trimmed to 0"""" fat, choice, raw"",""beef"",""Skirt"""
"23167,""Beef, plate steak, boneless, inside skirt, separable lean only, trimmed to 0"""" fat, select, raw"",""beef"",""Skirt"""
"23169,""Beef, plate steak, boneless, outside skirt, separable lean only, trimmed to 0"""" fat, all grades, raw"",""beef"",""Skirt"""
"23171,""Beef, plate steak, boneless, outside skirt, separable lean only, trimmed to 0"""" fat, choice, raw"",""beef"",""Skirt"""
"23173,""Beef, plate steak, boneless, outside skirt, separable lean only, trimmed to 0"""" fat, select, raw"",""beef"",""Skirt"""
"23175,""Beef, rib eye steak, boneless, lip off, separable lean only, trimmed to 0"""" fat, all grades, raw"",""beef"",""Ribeye"""
"23177,""Beef, rib eye steak, boneless, lip off, separable lean only, trimmed to 0"""" fat, choice, raw"",""beef"",""Ribeye"""
"23179,""Beef, rib eye steak, boneless, lip off, separable lean only, trimmed to 0"""" fat, select, raw"",""beef"",""Ribeye"""
"23181,""Beef, rib, back ribs, bone-in, separable lean only, trimmed to 0"""" fat, all grades, raw"",""beef"",""Rib"""
"23183,""Beef, rib, back ribs, bone-in, separable lean only, trimmed to 0"""" fat, choice, raw"",""beef"",""Rib"""
"23185,""Beef, rib, back ribs, bone-in, separable lean only, trimmed to 0"""" fat, select, raw"",""beef"",""Rib"""
"23192,""Beef, rib eye steak/roast, bone-in, lip-on, separable lean and fat, trimmed to 1/8"""" fat, all grades, raw"",""beef"",""Ribeye"""
"23193,""Beef, rib eye steak/roast, bone-in, lip-on, separable lean and fat, trimmed to 1/8"""" fat, choice, raw"",""beef"",""Ribeye"""
"23194,""Beef, rib eye steak/roast, bone-in, lip-on, separable lean and fat, trimmed to 1/8"""" fat, select, raw"",""beef"",""Ribeye"""
"23201,""Beef, rib eye steak/roast, boneless, lip-on, separable lean and fat, trimmed to 1/8"""" fat, all grades, raw"",""beef"",""Ribeye"""
"23202,""Beef, rib eye steak/roast, boneless, lip-on, separable lean and fat, trimmed to 1/8"""" fat, choice, raw"",""beef"",""Ribeye"""
"23213,""Beef, rib eye steak/roast, boneless, lip-on, separable lean and fat, trimmed to 1/8"""" fat, select, raw"",""beef"",""Ribeye"""
"23217,""Beef, plate steak, boneless, inside skirt, separable lean and fat, trimmed to 0"""" fat, all grades, raw"",""beef"",""Skirt"""
"23218,""Beef, plate steak, boneless, inside skirt, separable lean and fat, trimmed to 0"""" fat, choice, raw"",""beef"",""Skirt"""
"23219,""Beef, plate steak, boneless, inside skirt, separable lean and fat, trimmed to 0"""" fat, select, raw"",""beef"",""Skirt"""
"23224,""Beef, plate steak, boneless, outside skirt, separable lean and fat, trimmed to 0"""" fat, all grades, raw"",""beef"",""Skirt"""
"23225,""Beef, plate steak, boneless, outside skirt, separable lean and fat, trimmed to 0"""" fat, choice, raw"",""beef"",""Skirt"""
"23226,""Beef, plate steak, boneless, outside skirt, separable lean and fat, trimmed to 0"""" fat, select, raw"",""beef"",""Skirt"""
"23230,""Beef, rib eye steak, boneless, lip off, separable lean and fat, trimmed to 0"""" fat, all grades, raw"",""beef"",""Ribeye"""
"23231,""Beef, rib eye steak, boneless, lip off, separable lean and fat, trimmed to 0"""" fat, choice, raw"",""beef"",""Ribeye"""
"23232,""Beef, rib eye steak, boneless, lip off, separable lean and fat, trimmed to 0"""" fat, select, raw"",""beef"",""Ribeye"""
"23236,""Beef, rib, back ribs, bone-in, separable lean and fat, trimmed to 0"""" fat, all grades, raw"",""beef"",""Rib"""
"23237,""Beef, rib, back ribs, bone-in, separable lean and fat, trimmed to 0"""" fat, choice, raw"",""beef"",""Rib"""
"23238,""Beef, rib, back ribs, bone-in, separable lean and fat, trimmed to 0"""" fat, select, raw"",""beef"",""Rib"""
"23240,""Beef, loin, top sirloin petite roast/filet, boneless, separable lean only, trimmed to 0"""" fat, choice, raw"",""beef"",""Loin"""
"23244,""Beef, loin, top sirloin cap steak, boneless, separable lean only, trimmed to 1/8"""" fat, all grades, raw"",""beef"",""Loin"""
"23245,""Beef, loin, top sirloin cap steak, boneless, separable lean only, trimmed to 1/8"""" fat, choice, raw"",""beef"",""Loin"""
"23246,""Beef, loin, top sirloin cap steak, boneless, separable lean only, trimmed to 1/8"""" fat, select, raw"",""beef"",""Loin"""
"23253,""Beef, top loin petite roast/filet, boneless, separable lean only, trimmed to 1/8"""" fat, all grades, raw"",""beef"",""Loin"""
"23254,""Beef, top loin petite roast/filet, boneless, separable lean only, trimmed to 1/8"""" fat, choice, raw"",""beef"",""Loin"""
"23255,""Beef, top loin petite roast/filet, boneless, separable lean only, trimmed to 1/8"""" fat, select, raw"",""beef"",""Loin"""
"23261,""Beef, loin, top sirloin petite roast/filet, boneless, separable lean only, trimmed to 0"""" fat, all grades, raw"",""beef"",""Loin"""
"23262,""Beef, loin, top sirloin petite roast/filet, boneless, separable lean only, trimmed to 0"""" fat, select, raw"",""beef"",""Loin"""
"23263,""Beef, ribeye  petite roast/filet, boneless, separable lean only, trimmed to 0"""" fat, all grades, raw"",""beef"",""Ribeye"""
"23264,""Beef, ribeye  petite roast/filet, boneless, separable lean only, trimmed to 0"""" fat, choice, raw"",""beef"",""Ribeye"""
"23265,""Beef, ribeye  petite roast/filet, boneless, separable lean only, trimmed to 0"""" fat, select, raw"",""beef"",""Ribeye"""
"23269,""Beef, ribeye cap steak, boneless, separable lean only, trimmed to 0"""" fat, all grades, raw"",""beef"",""Ribeye"""
"23270,""Beef, ribeye cap steak, boneless, separable lean only, trimmed to 0"""" fat, choice, raw"",""beef"",""Ribeye"""
"23271,""Beef, ribeye cap steak, boneless, separable lean only, trimmed to 0"""" fat, select, raw"",""beef"",""Ribeye"""
"23281,""Beef, loin, top sirloin cap steak, boneless, separable lean and fat, trimmed to 1/8"""" fat, all grades, raw"",""beef"",""Loin"""
"23282,""Beef, loin, top sirloin cap steak, boneless, separable lean and fat, trimmed to 1/8"""" fat, choice, raw"",""beef"",""Loin"""
"23283,""Beef, loin, top sirloin cap steak, boneless, separable lean and fat, trimmed to 1/8"""" fat, select, raw"",""beef"",""Loin"""
"23290,""Beef, top loin petite roast/filet, boneless, separable lean and fat, trimmed to 1/8"""" fat, all grades, raw"",""beef"",""Loin"""
"23291,""Beef, top loin petite roast/filet, boneless, separable lean and fat, trimmed to 1/8"""" fat, choice, raw"",""beef"",""Loin"""
"23292,""Beef, top loin petite roast/filet, boneless, separable lean and fat, trimmed to 1/8"""" fat, select, raw"",""beef"",""Loin"""
"23508,""USDA Commodity, beef, ground, bulk/coarse ground, frozen, raw"",""beef"",""Minced"""
"23513,""Beef, chuck, clod roast, separable lean only, trimmed to 1/4"""" fat, all grades, raw"",""beef"",""Chuck"""
"23557,""Beef, ground, 95% lean meat / 5% fat, raw"",""beef"",""Minced"""
"23562,""Beef, ground, 90% lean meat / 10% fat, raw"",""beef"",""Minced"""
"23567,""Beef, ground, 85% lean meat / 15% fat, raw"",""beef"",""Minced"""
"23572,""Beef, ground, 80% lean meat / 20% fat, raw"",""beef"",""Minced"""
"23577,""Beef, ground, 75% lean meat / 25% fat, raw"",""beef"",""Minced"""
"23582,""Beef, rib, small end (ribs 10-12), separable lean only, trimmed to 1/8"""" fat, select, raw"",""beef"",""Rib"""
"23583,""Beef, tenderloin, steak, separable lean only, trimmed to 1/8"""" fat, select, raw"",""beef"",""Loin"""
"23584,""Beef, top sirloin, steak, separable lean only, trimmed to 1/8"""" fat, select, raw"",""beef"",""Loin"""
"23585,""Beef, short loin, top loin, steak, separable lean only, trimmed to 1/8"""" fat, select, raw"",""beef"",""Loin"""
"23594,""Beef, round, bottom round, roast, separable lean only, trimmed to 1/8"""" fat, all grades, raw"",""beef"",""Round"""
"23596,""Beef, brisket, flat half, separable lean only, trimmed to 1/8"""" fat, all grades, raw"",""beef"",""Breast"""
"23597,""Beef, round, eye of round, roast, separable lean only, trimmed to 1/8"""" fat, all grades, raw"",""beef"",""Round"""
"23599,""Beef, rib, small end (ribs 10-12), separable lean only, trimmed to 1/8"""" fat, all grades, raw"",""beef"",""Rib"""
"23601,""Beef, tenderloin, steak, separable lean only, trimmed to 1/8"""" fat, all grades, raw"",""beef"",""Loin"""
"23603,""Beef, chuck, arm pot roast, separable lean only, trimmed to 1/8"""" fat, all grades, raw"",""beef"",""Chuck"""
"23607,""Beef, short loin, top loin, steak, separable lean only, trimmed to 1/8"""" fat, all grades, raw"",""beef"",""Loin"""
"23609,""Beef, round, top round, steak, separable lean only, trimmed to 1/8"""" fat, all grades, raw"",""beef"",""Round"""
"23611,""Beef, top sirloin, steak, separable lean only, trimmed to 1/8"""" fat, all grades, raw"",""beef"",""Loin"""
"23612,""Beef, chuck, arm pot roast, separable lean only, trimmed to 1/8"""" fat, choice, raw"",""beef"",""Chuck"""
"23613,""Beef, brisket, flat half, separable lean only, trimmed to 1/8"""" fat, choice, raw"",""beef"",""Breast"""
"23616,""Beef, round, eye of round, roast, separable lean only, trimmed to 1/8"""" fat, choice, raw"",""beef"",""Round"""
"23617,""Beef, round, top round, steak, separable lean only, trimmed to 1/8"""" fat, choice, raw"",""beef"",""Round"""
"23618,""Beef, round, bottom round, roast, separable lean only, trimmed to 1/8"""" fat, choice, raw"",""beef"",""Round"""
"23623,""Beef, rib, small end (ribs 10-12), separable lean only, trimmed to 1/8"""" fat, choice, raw"",""beef"",""Rib"""
"23624,""Beef, tenderloin, steak, separable lean only, trimmed to 1/8"""" fat, choice, raw"",""beef"",""Loin"""
"23625,""Beef, top sirloin, steak, separable lean only, trimmed to 1/8"""" fat, choice, raw"",""beef"",""Loin"""
"23627,""Beef, short loin, top loin, steak, separable lean only, trimmed to 1/8"""" fat, choice, raw"",""beef"",""Loin"""
"23631,""Beef, chuck, arm pot roast, separable lean only, trimmed to 1/8"""" fat, select, raw"",""beef"",""Chuck"""
"23632,""Beef, brisket, flat half, separable lean only, trimmed to 1/8"""" fat, select, raw"",""beef"",""Breast"""
"23635,""Beef, round, eye of round, roast, separable lean only, trimmed to 1/8"""" fat, select, raw"",""beef"",""Round"""
"23636,""Beef, round, top round, steak, separable lean only, trimmed to 1/8"""" fat, select, raw"",""beef"",""Round"""
"23637,""Beef, round, bottom round, roast, separable lean only, trimmed to 1/8"""" fat, select, raw"",""beef"",""Round"""
"23646,""Beef, bottom sirloin, tri-tip roast, separable lean only, trimmed to 0"""" fat, all grades, raw"",""beef"",""Loin"""
"23648,""Beef, bottom sirloin, tri-tip roast, separable lean only, trimmed to 0"""" fat, choice, raw"",""beef"",""Loin"""
"23650,""Beef, bottom sirloin, tri-tip roast, separable lean only, trimmed to 0"""" fat, select, raw"",""beef"",""Loin"""
"23651,""Beef, round, tip round, roast, separable lean only, trimmed to 0"""" fat, all grades, raw"",""beef"",""Round"""
"23652,""Beef, round, tip round, roast, separable lean only, trimmed to 0"""" fat, choice, raw"",""beef"",""Round"""
"23653,""Beef, round, tip round, roast, separable lean only, trimmed to 0"""" fat, select, raw"",""beef"",""Round"""
"23656,""Beef, flank, steak, separable lean only, trimmed to 0"""" fat, all grades, raw"",""beef"",""Flank"""
"23657,""Beef, flank, steak, separable lean only, trimmed to 0"""" fat, select, raw"",""beef"",""Flank"""
"23658,""Beef, brisket, flat half, separable lean and fat, trimmed to 1/8"""" fat, choice, raw"",""beef"",""Breast"""
"23659,""Beef, brisket, flat half, separable lean and fat, trimmed to 1/8"""" fat, select, raw"",""beef"",""Breast"""
"36013,""Restaurant, family style, sirloin steak"",""beef"",""Loin"""
"36014,""Chicken, breast, flesh and skin, raw"",""chicken"",""Breast"""
"36015,""Chicken, drumstick, flesh and skin, raw"",""chicken"",""Drumstick"""
"36016,""Chicken, wing, flesh and skin, raw"",""chicken"",""Wing"""
"36017,""Lamb, shoulder, raw"",""mutton"",""Shoulder"""
"36018,""Lamb, breast, raw"",""mutton"",""Breast"""
"36019,""Lamb, leg, defatted, raw"",""mutton"",""Leg"""
"36020,""Lamb, leg with fat, raw"",""mutton"",""Leg"""
"36021,""Lamb, leg, average values, raw"",""mutton"",""Leg"""
"36022,""Lamb, loin, raw"",""mutton"",""Loin"""
"36023,""Lamb, flank, raw"",""mutton"",""Flank"""
"36024,""Lamb, meat, average values, raw"",""mutton"",""Minced"""
